,C001,C012,C909,C910,C016,C022,C028,C091,C093,C096,C097,C079,C078,C150,C148,C185
0,405841072081500,-AMAGANSETT WATER CO DIS,40.97815625,-72.1370215,41.0,NAVD88,,,,,,,,,,
1,405704072470900,-B ARTHUR THURM DISTRIBU,40.95120929,-72.78537848,101.0,NAVD88,,,,,,,,,,
2,404633073070803,-BOHEMIA PATCHOGUE PLANT,40.77593158,-73.11844512,68.0,NAVD88,,,,,,,,,,
3,404736073160400,-BRENTWOOD WD DISTRIBUTI,40.79343154,-73.26733883,116.0,NAVD88,,,,,,,,,,
4,404811073213200,-DIX HILLS WD DISTRIBUTI,40.80315413,-73.35845269,255.0,NAVD88,,,,,,,,,,
5,404456073255400,-EAST FARMINGDALE WD DIS,40.74898822,-73.43123369,92.0,NAVD88,,,,,,,,,,
6,410210071563100,-EAST HAMPTON PLANT DIST,41.03621319,-71.94145842,25.0,NAVD88,,,,,,,,,,
7,404243073315801,-EAST MEADOW WATER DISTR,40.71204516,-73.53234832,69.0,NAVD88,,,,,,,,,,
8,403951073042600,-FIRE ISLAND PINES DIST,40.66426606,-73.07344468,3.0,NAVD88,,,,,,,,,,
9,403952073342201,-FREEPORT WELL-WELL,40.66454638,-73.57234986,24.0,NAVD88,,,,,,,,,,
10,405201073213300,-GREENLAWN WD DISTRIBUTI,40.86704266,-73.35872939,230.0,NAVD88,,,,,,,,,,
11,405211072313000,-HAMPTON BAYS WD DISTRIB,40.8698225,-72.52453405,26.0,NAVD88,,,,,,,,,,
12,404149073373100,-HEMPSTEAD WELL-WELL,40.69704633,-73.62485103,52.0,NAVD88,,,,,,,,,,
13,404930073382000,-JERICHO WD WELL-WELL #1,40.82510005,-73.63846155,56.0,NAVD88,,,,,,,,,,
14,404805073303000,-JERICHO WD WELL-WELL #8,40.80148818,-73.50790195,187.0,NAVD88,,,,,,,,,,
15,404338073304700,-LEVITTOWN WD WELL-WELL,40.72732248,-73.51262537,88.0,NAVD88,,,,,,,,,,
16,403532073353400,-LIDO POINT LOOKOUT WD-W,40.5923256,-73.59235094,9.0,NAVD88,,,,,,,,,,
17,403537073394800,-LONG BEACH WELL-WELL 16,40.59371512,-73.6629081,6.0,NAVD88,,,,,,,,,,
18,404123073285000,-MASSAPEQUA WD WELL-WELL,40.68982289,-73.48012481,33.0,NAVD88,,,,,,,,,,
19,404123073285001,-MASSAPEQUA WD WELL-WELL,40.68982289,-73.48012481,40.0,NGVD29,612.0,,,,,,,,,
20,405651072552800,-NORTH SHORE WATER COMPA,40.94759867,-72.9239917,145.0,NAVD88,,,,,,,,,,
21,404045073311600,-NY WATER CP MERRICK-OLD,40.67926785,-73.52068168,27.0,NAVD88,,,,,,,,,,
22,404045073311602,-NY WATER CP MERRICK-OLD,40.67926785,-73.52068168,27.0,NAVD88,,,,,,,,,,
23,405512072405000,-RIVERHEAD WD DISTRIBUTI,40.9200989,-72.68009661,24.0,NAVD88,,,,,,,,,,
24,403929073391900,-ROCKVILLE CENTRE WELL-W,40.65815839,-73.65485205,9.0,NAVD88,,,,,,,,,,
25,403929073391901,-ROCKVILLE CENTRE WELL-W,40.65815839,-73.65485205,9.0,NAVD88,,,,,,,,,,
26,405458072434400,-ROLLIN HARGIS DISTRIBUT,40.91620957,-72.72843238,37.0,NAVD88,,,,,,,,,,
27,405324073232300,-SCWA SOUTHAMPTON PLANT,40.89009815,-73.38928555,114.0,NAVD88,,,,,,,,,,
28,410402072202001,-SHELTER ISLAND WELL-SCH,41.06732155,-72.33841612,49.0,NAVD88,,,,,,,,,,
29,405702072533200,-SHOREWOOD WATER COMPANY,40.95065411,-72.89176895,140.0,NAVD88,,,,,,,,,,
30,404214073290200,-SOUTH FARMINGDALE WELL-,40.70398933,-73.48345808,49.0,NAVD88,,,,,,,,,,
31,404933073253000,-SOUTH HUNTINGTON WD DIS,40.82593204,-73.42456554,195.0,NAVD88,,,,,,,,,,
32,405220073034000,-SUNHILL WATER CORPORATI,40.8723207,-73.06066334,95.0,NAVD88,,,,,,,,,,
33,405100073260001,"-WOODBURY TRIANGLE CORP,",40.85009855,-73.43289874,231.0,NAVD88,,,,,,,,,,
34,424302073525801,A   1,42.71729992,-73.88234547,319.0,NAVD88,26.0,.00,112SAND,SAND,V FINE TO FINE,2.0,22.0,3.0,19790418.0,
35,424439073563501,A   2,42.74424369,-73.94262425,332.0,NAVD88,21.0,.00,112SAND,,,1.25,,,,
36,424143073495901,A   3,42.69535606,-73.83262227,270.0,NAVD88,22.0,.00,112SAND,SAND,V FINE TO FINE,2.0,18.0,,,
37,424440073511101,A   4,42.74452203,-73.85262215,320.0,NAVD88,25.0,.00,112SDGV,GRVL,,36.0,,,,
38,424354073474901,A   5,42.73174476,-73.79650986,291.0,NAVD88,,393.30,BEDROCK,SHLE,BLACK,,,,,POOR AQUIFER POTENTIAL
39,424116073472401,A   6,42.68785644,-73.78956566,215.0,NAVD88,,249.00,112TILL,TILL,VERY CLAYEY,,,,,
40,424116073472401,A   6,42.68785644,-73.78956566,215.0,NAVD88,,255.00,BEDROCK,SHLE,BLACK,,,,,
41,424403073520301,A   7,42.73424428,-73.86706707,318.0,NAVD88,14.0,.00,112SAND,,,1.75,,,,
42,424412073510701,A   8,42.73674435,-73.85151112,328.0,NAVD88,30.0,.00,112SAND,,,1.25,,,,
43,424420073500101,A   9,42.73896666,-73.83317732,371.0,NAVD88,266.0,84.00,364SKHL,SHLE,SNAKE HILL FORM,6.0,,999.0,19460101.0,
44,424420073500102,A  10,42.73896666,-73.83317732,371.0,NAVD88,236.0,81.00,364SKHL,SHLE,SNAKE HILL FORM,6.0,,,,
45,424405073494401,A  11,42.73480007,-73.82845504,329.0,NAVD88,38.0,.00,112SAND,,,30.0,,,,
46,424405073494401,A  11,42.73480007,-73.82845504,329.0,NAVD88,38.0,38.00,BEDROCK,,,,,,,
47,423808073500201,A  12,42.63563452,-73.83345633,190.0,NAVD88,,269.00,BEDROCK,SHLE,"BLACK,WEATHERED",,,,,POOR AQUIFER POTENTIAL
48,424325073512001,A  13,42.72368892,-73.85512248,329.0,NAVD88,17.0,.00,112SAND,,,1.25,,,,
49,424341073494201,A  14,42.72813349,-73.82789954,328.0,NAVD88,10.0,.00,112SAND,,,1.25,,,,
50,424325073492701,A  15,42.72368912,-73.82373283,305.0,NAVD88,20.0,.00,112SAND,,,1.25,,,,
51,424406073553301,A  16,42.73507723,-73.92540178,305.0,NAVD88,,8.00,112SAND,SAND,MEDIUM,,,,,
52,424406073553301,A  16,42.73507723,-73.92540178,305.0,NAVD88,,294.00,BEDROCK,SDSL,BLUE-GREY,,,,,NO DEEP AQUIFER
53,424339073474701,A  17,42.72757814,-73.79595433,299.0,NAVD88,24.0,.00,112SAND,SAND,,1.25,22.0,0.33,19451201.0,
54,424238073503101,A  18,42.7106336,-73.8415112,310.0,NAVD88,12.0,.00,112SAND,,,1.25,,,,
55,424255073484401,A  19,42.71535596,-73.81178818,299.0,NAVD88,45.0,.00,112SAND,SAND,,1.25,,6.0,19451201.0,
56,424312073481901,A  20,42.72007818,-73.80484351,300.0,NAVD88,20.0,3.00,112SAND,SAND,QUICKSAND,2.0,17.0,0.3,19451201.0,
57,424325073452401,A  21,42.72368956,-73.75623118,380.0,NAVD88,190.0,50.00,364SKHL,SHLE,SNAKE HILL FORM,8.0,,9.0,19460101.0,
58,424418073494601,A  22,42.73841114,-73.82901056,359.0,NAVD88,,,112SAND,SAND,,,,,,
59,424239073481901,A  23,42.71091162,-73.80484361,302.0,NAVD88,25.0,21.00,112SDGV,GRVL,,2.0,21.3,0.5,19451101.0,
60,424243073465401,A  24,42.71202287,-73.78123189,311.0,NAVD88,80.0,.00,112SDGV,GRVL,CLEAN,6.0,,10.0,19451201.0,
61,424243073465401,A  24,42.71202287,-73.78123189,311.0,NAVD88,80.0,79.99,BEDROCK,,,,,,,
62,424149073492201,A  25,42.69702278,-73.8223442,256.0,NAVD88,20.0,.00,112SAND,SAND,,1.25,17.0,5.0,19460101.0,
63,424212073475701,A  26,42.70341175,-73.79873241,289.0,NAVD88,25.0,.00,112SAND,SAND,,1.25,,7.0,19451201.0,
64,424123073464601,A  27,42.68980094,-73.7790098,200.0,NAVD88,104.0,,,,,,,8.0,19460101.0,
65,424123073464601,A  27,42.68980094,-73.7790098,200.0,NAVD88,104.0,.00,112SAND,SAND,LAYERED W CLAY,6.0,,2.0,19330101.0,
66,424120073463801,A  28,42.68896763,-73.77678753,216.0,NAVD88,99.0,.00,112SAND,SAND,LAYERED W CLAY,6.0,,5.0,19451201.0,
67,423453073502201,A  29,42.58146844,-73.83901271,191.0,NAVD88,,203.00,112SDGV,GRVL,"SOME CLAY, BLDRS",,,,,
68,423453073502201,A  29,42.58146844,-73.83901271,191.0,NAVD88,,243.00,BEDROCK,SHLE,GREY,,,,,GOOD AQUIFER POTENTIAL
69,424327073571201,A  30,42.72424383,-73.95290264,291.0,NAVD88,190.0,.00,112SDGV,GRVL,,6.0,,7.0,19460101.0,
70,423834073502001,A  31,42.64285662,-73.83845639,132.0,NAVD88,,133.00,112SDGV,SDGL,COARSE W SOME CL,,,,,
71,423834073502001,A  31,42.64285662,-73.83845639,132.0,NAVD88,,164.00,BEDROCK,SHLE,BLACK,,,,,GOOD AQUIFER POTENTIAL
72,424317073555801,A  32,42.72146622,-73.93234663,299.0,NAVD88,18.0,.00,112SAND,,,1.5,,,,
73,424229073573901,A  33,42.70813284,-73.96040314,309.0,NAVD88,25.0,.00,112SDGV,GRVL,,8.0,,48.0,19460101.0,
74,424238073584001,A  34,42.7106327,-73.97734796,353.0,NAVD88,136.0,58.00,364ODVCM,SDSL,SCHEN. FORM,6.0,,,,H2S
75,424219073584201,A  35,42.70535497,-73.97790364,319.0,NAVD88,18.0,.00,112TILL,,,48.0,,,,DRY DURING PERIODS LOW PRECIP
76,424136073592001,A  36,42.69341057,-73.98845971,365.0,NAVD88,70.0,19.00,364ODVCM,SDSL,SCHEN. FORM,6.0,,,,
77,424204073575201,A  37,42.70118844,-73.96401448,317.0,NAVD88,21.0,.00,112TILL,,,60.0,,,,
78,424205073572901,A  38,42.70146626,-73.95762542,319.0,NAVD88,285.0,15.00,364ODVCM,SDSL,SCHEN. FORM,6.0,,0.0,19460101.0,
79,424211073564001,A  39,42.703133,-73.94401392,221.0,NAVD88,33.0,.00,112SDGV,GRVL,,48.0,,,,H2S
80,424210073555501,A  40,42.70285531,-73.93151361,283.0,NAVD88,20.0,.00,112SAND,SNCL,,60.0,,,,
81,424226073552601,A  41,42.70729976,-73.92345777,267.0,NAVD88,9.0,.00,112SAND,,,48.0,,,,
82,424422073493001,A  42,42.73952227,-73.824566,341.0,NAVD88,20.0,.00,112SAND,SAND,,,,,,
83,424448073535201,A  43,42.74674395,-73.89734538,330.0,NAVD88,35.0,.00,112SAND,SAND,,,,,,
84,424125073495701,A  44,42.73007769,-73.86206701,327.0,NAVD88,30.0,.00,112SAND,SAND,,,,,,
85,423413073481201,A  45,42.57035775,-73.80290053,175.0,NAVD88,199.0,198.00,112SDGV,GRVL,,,,,,EXCELLENT AQUIFER POTENTIAL
86,423413073481201,A  45,42.57035775,-73.80290053,175.0,NAVD88,199.0,205.00,BEDROCK,SNDS,GREY,6.0,199.0,120.0,19760823.0,CASING PULLED
87,424055073555301,A  46,42.6820222,-73.93095841,399.0,NAVD88,55.0,18.00,364ODVCM,SDSL,SCHEN. FORM,6.0,,1.5,19460101.0,
88,424348073495701,A  47,42.73007788,-73.83206629,356.0,NAVD88,,,,,,,,,,
89,423937073595701,A  48,42.66035527,-73.99873848,416.0,NAVD88,53.0,.00,112SDGV,GRVL,,6.0,,,,
90,423937073595701,A  48,42.66035527,-73.99873848,416.0,NAVD88,53.0,53.00,BEDROCK,,,,,,,
91,423804074040001,A  49,42.63452166,-74.06624061,1210.0,NAVD88,,,,,,,,,,
92,423916073583101,A  50,42.65452217,-73.97484903,432.0,NAVD88,78.0,.00,112SDGV,GRVL,,6.0,,,,
93,423916073583101,A  50,42.65452217,-73.97484903,432.0,NAVD88,78.0,78.00,BEDROCK,,,,,,,
94,424025074074501,A  51,42.6736875,-74.1287407,1117.0,NAVD88,,,,,,,,,,
95,423908073574801,A  52,42.65230005,-73.96290429,393.0,NAVD88,108.0,.00,110QRNR,,,6.0,,,,
96,423908073574802,A  53,42.65230005,-73.96290429,393.0,NAVD88,26.0,.00,110QRNR,,,60.0,,,,
97,423913073571001,A  54,42.653689,-73.95234841,370.0,NAVD88,60.0,.00,112SDGV,GRVL,,6.0,,,,
98,423912073563701,A  55,42.6534113,-73.94318148,364.0,NAVD88,55.0,.00,112SDGV,GRVL,,6.0,,6.0,19460101.0,
99,423219073492501,A  56,42.53869129,-73.82317934,158.0,NAVD88,458.0,312.00,BEDROCK,SHLE,"SOFT,BLACK",6.0,315.0,3.5,19760817.0,
100,423917073552901,A  57,42.65480031,-73.92429203,331.0,NAVD88,70.0,.00,112SDGV,GRVL,,6.0,,100.0,19460101.0,
101,423922073552001,A  58,42.6561892,-73.92179193,326.0,NAVD88,35.0,.00,112SDGV,GRVL,,6.0,,97.0,19460101.0,
102,424007073530801,A  59,42.66868933,-73.88512404,110.0,NAVD88,17.0,.00,112PLSC,CLAY,,36.0,,,,
103,424029073523401,A  60,42.67480044,-73.87567924,227.0,NAVD88,34.0,.00,112SAND,,,1.5,,,,
104,424106073520001,A  62,42.68507817,-73.8662344,270.0,NAVD88,27.0,.00,112SAND,,,1.25,,,,
105,424131073523901,A  63,42.69202246,-73.87706792,259.0,NAVD88,21.0,.00,112SAND,,,1.25,,,,
106,424128073520601,A  64,42.6911892,-73.86790103,297.0,NAVD88,28.0,.00,112SAND,,,1.25,,,,
107,424531073475101,A  65,42.7586889,-73.79706525,257.0,NAVD88,,176.00,112SDGV,GRVL,,,,,,UNDER PRESSURE BY HALLIBURTON
108,424531073475101,A  65,42.7586889,-73.79706525,257.0,NAVD88,,228.00,BEDROCK,SHLE,BLACK,,,320.0,19761022.0,IN TO 38 FT 6-IN TO 180-FT CEMENTED IN
109,423230073503201,A  66,42.54174665,-73.84179107,170.0,NAVD88,,219.00,112SDGV,GRVL,WDARK GREY CLAY,,,,,
110,423230073503201,A  66,42.54174665,-73.84179107,170.0,NAVD88,,297.00,BEDROCK,SLSN,ALSO SANDSTONE,,,,,FAIR AQUIFER POTENTIAL
111,424130073513001,A  67,42.69174482,-73.85790075,286.0,NAVD88,25.0,.00,112SAND,,,1.25,,,,
112,424215073505501,A  68,42.70424474,-73.84817812,289.0,NAVD88,11.0,.00,112SAND,,,1.25,,,,
113,424357073531201,A  69,42.73257751,-73.88623422,341.0,NAVD88,30.0,,,,,,,,,
114,424359073493901,A  70,42.73313343,-73.82706613,314.0,NAVD88,350.0,,,,,,,,,
115,424410073515301,A  71,42.73618872,-73.8642892,325.0,NAVD88,30.0,.00,112SAND,SAND,,,,,,
116,424034073503901,A  72,42.67618954,-73.84373391,225.0,NAVD88,20.0,.00,112SAND,,,1.25,,,,IRON
117,423947073504701,A  73,42.66313411,-73.84595636,220.0,NAVD88,30.0,.00,112SAND,,,10.0,,6.0,19460101.0,
118,424013073532601,A  74,42.67035594,-73.89012415,125.0,NAVD88,147.0,140.00,364ODVCM,SDSL,SCHEN. FORM,6.0,,3.5,19460101.0,
119,423855073542201,A  75,42.6486894,-73.90568049,302.0,NAVD88,18.0,.00,112TILL,,,36.0,,,,
120,424321073570401,A  76,42.7225772,-73.9506804,279.0,NAVD88,,,,,,,,,,
121,423811073540001,A  77,42.63646735,-73.89956939,297.0,NAVD88,12.0,.00,112SDGV,GRVL,,72.0,,,,
122,424324073525501,A  78,42.72341097,-73.88151202,324.0,NAVD88,25.0,.00,112SAND,SAND,,,,,,
123,424325073513001,A  79,42.7236889,-73.85790033,325.0,NAVD88,18.0,.00,112SAND,SAND,,,,,,
124,424327073531101,A  80,42.72424427,-73.88595656,317.0,NAVD88,30.0,.00,112SAND,SAND,,,,,,
125,423715073580601,A  81,42.62091144,-73.96790506,441.0,NAVD88,18.0,.00,112TILL,,,36.0,,,,
126,423717073574701,A  82,42.62146703,-73.96262711,397.0,NAVD88,94.0,.00,112SDGV,GRVL,,12.0,,540.0,19460101.0,
127,423720073573901,A  83,42.62230038,-73.9604048,369.0,NAVD88,87.0,.00,112SDGV,GRVL,,12.0,,500.0,19460101.0,
128,423659073583501,A  84,42.61646698,-73.97596095,759.0,NAVD88,80.0,15.00,347DVNNL,LMSN,N. SCOTLAND LIME,6.0,,,,
129,424340073571501,A  85,42.7278549,-73.95373593,289.0,NAVD88,220.0,.00,112SAND,SAND,,6.0,,25.0,19760101.0,
130,424340073571501,A  85,42.7278549,-73.95373593,289.0,NAVD88,220.0,4.00,112LAKE,CLAY,,,,,,
131,424340073571501,A  85,42.7278549,-73.95373593,289.0,NAVD88,220.0,190.00,112TILL,TILL,,,,,,
132,424347073525701,A  86,42.72979979,-73.8820675,346.0,NAVD88,30.0,.00,112SAND,SAND,,,,,,
133,423643073581601,A  87,42.61202262,-73.9706831,743.0,NAVD88,222.0,24.00,347DVNNL,LMSN,N. SCOTLAND LIME,6.0,,4.0,19460101.0,
134,424215073505601,A  88,42.70424474,-73.8484559,289.0,NAVD88,39.0,.00,112SAND,SAND,,,,,,OWNER REPORTS IRON IN WATER
135,423637073572201,A  89,42.61035609,-73.95568266,388.0,NAVD88,12.0,.00,112TILL,,,72.0,,,,
136,423720073552501,A  90,42.62230066,-73.92318144,426.0,NAVD88,80.0,62.00,364ODVCM,SDSL,SCHEN. FORM,10.0,,15.0,19460101.0,
137,423713073552401,A  91,42.62035624,-73.92290369,418.0,NAVD88,120.0,95.00,364ODVCM,SDSL,SCHEN. FORM,8.0,,2.5,19460101.0,
138,423706073553001,A  92,42.6184118,-73.92457044,445.0,NAVD88,164.0,.00,112SDGV,GRVL,,10.0,,4.5,19460101.0,
139,423706073553001,A  92,42.6184118,-73.92457044,445.0,NAVD88,164.0,164.00,BEDROCK,,,,,,,
140,424222073541301,A  93,42.70618879,-73.90317949,225.0,NAVD88,70.0,.00,112SAND,SAND,,,,,,
141,424241073535201,A  94,42.71146655,-73.89734593,297.0,NAVD88,45.0,,,,,,,,,
142,423810073511101,A  95,42.63618993,-73.85262356,232.0,NAVD88,102.0,.00,112SDGV,GRVL,,8.0,,10.0,19460101.0,
143,423848073503701,A  96,42.64674543,-73.8431787,182.0,NAVD88,200.0,.00,112SAND,,,6.0,,1.5,19460101.0,
144,423848073503702,A  97,42.64674543,-73.8431787,182.0,NAVD88,198.0,.00,112SAND,,,8.0,,18.0,19460101.0,
145,424244073535301,A  98,42.71229988,-73.8976237,280.0,NAVD88,40.0,,,,,,,,,
146,423917073492501,A  99,42.65480104,-73.82317803,198.0,NAVD88,239.0,238.00,112SDGV,GRVL,FINE,6.0,,12.0,19460301.0,
147,423917073492401,A 100,42.65480104,-73.82290025,199.0,NAVD88,246.0,238.00,112SDGV,GRVL,BLACK,6.0,,23.0,19460301.0,
148,423515073575301,A 101,42.58757848,-73.96429449,800.0,NAVD88,115.0,.00,344ONDG,LMSN,"MOD.PURE,BLU-GRA",6.0,,,,
149,424313073511201,A 102,42.72035564,-73.85290025,321.0,NAVD88,25.0,.00,112SAND,SAND,,,,,,
150,423502073575901,A 103,42.58396739,-73.96596128,759.0,NAVD88,180.0,10.00,344ONDG,LMSN,"MOD.PURE,BLU-GRA",6.0,,2.0,19460101.0,
151,423701073574901,A 104,42.61702263,-73.96318277,410.0,NAVD88,69.0,.00,112SDGV,GRVL,CLAYEY,6.0,67.0,,,
152,424125073495702,A 105,42.69035612,-73.83206676,263.0,NAVD88,25.0,.00,112SAND,SAND,,,,,,WELL SITUATED IN AREA OF ROAD SALT
153,423426073571601,A 106,42.57396759,-73.95401664,614.0,NAVD88,135.0,30.00,344ESPS,SHLE,VERY UNIFORM,6.0,,30.0,19460101.0,H2S
154,423510073551601,A 107,42.58618995,-73.92068198,458.0,NAVD88,96.0,5.00,347DVNNL,LMSN,MOSTLY SHELLS,6.0,,,,
155,423532073544401,A 108,42.59230107,-73.9117927,519.0,NAVD88,26.0,16.00,364ODVCM,SDSL,SCHEN. FORM,54.0,,,,
156,424139073514501,A 109,42.69424476,-73.8620675,293.0,NAVD88,35.0,.00,112SAND,SAND,,,,,,
157,424139073514502,A 110,42.69424476,-73.8620675,293.0,NAVD88,35.0,.00,112SAND,SAND,,,,,,
158,424155073545001,A 111,42.69868881,-73.91345766,179.0,NAVD88,20.0,.00,112SAND,SAND,,,,,,
159,423607073530901,A 112,42.60202339,-73.88540282,227.0,NAVD88,50.0,.00,112SAND,,,6.0,,,,
160,423630073521101,A 113,42.60841234,-73.86929111,203.0,NAVD88,152.0,111.00,364SKHL,SHLE,SNAKE HILL FORM,6.0,,6.0,19460101.0,
161,423658073511401,A 114,42.61619015,-73.85345718,238.0,NAVD88,14.0,.00,112SAND,,,48.0,,,,
162,423805073474301,A 115,42.63480149,-73.79484408,199.0,NAVD88,345.0,75.00,364SKHL,SHLE,SNAKE HILL FORM,8.0,,999.0,19460101.0,
163,423304073504601,A 116,42.55119095,-73.84567998,164.0,NAVD88,310.0,,,,,6.0,,12.0,19760817.0,"DEPTH ESTIMATED, MAXIMUM YIELD 30 GPM"
164,423335073485601,A 117,42.55980222,-73.81512327,161.0,NAVD88,300.0,,,,,,,,,28 DEPTH ESTIMATED
165,423502073481101,A 118,42.5839687,-73.8026226,168.0,NAVD88,342.0,,,,,,,,,
166,423400073571001,A 119,42.56674545,-73.95235005,636.0,NAVD88,94.0,10.00,344ONDG,LMSN,"MOD.PURE,BLU-GRA",6.0,,,,
167,423334073565401,A 120,42.55952334,-73.94790559,612.0,NAVD88,150.0,1.00,344ONDG,LMSN,"MOD.PURE,BLU-GRA",6.0,,,,
168,423309073561201,A 121,42.55257906,-73.93623865,571.0,NAVD88,129.0,9.00,344ONDG,LMSN,"MOD.PURE,BLU-GRA",6.0,,,,
169,423311073550401,A 122,42.55313477,-73.9173491,523.0,NAVD88,136.0,13.00,344ONDG,LMSN,"MOD.PURE,BLU-GRA",6.0,,3.0,19460101.0,
170,423311073550402,A 123,42.55313477,-73.9173491,523.0,NAVD88,104.0,.00,344ONDG,LMSN,"MOD.PURE,BLU-GRA",6.0,,4.0,19460101.0,
171,423353073554901,A 124,42.56480121,-73.92984932,434.0,NAVD88,15.0,.00,112TILL,,,54.0,,,,
172,423422073550501,A 125,42.57285678,-73.91762655,379.0,NAVD88,20.0,.00,112TILL,,,60.0,,,,
173,423422073550501,A 125,42.57285678,-73.91762655,379.0,NAVD88,20.0,20.00,BEDROCK,,,,,,,
174,424256073561201,A 126,42.71563292,-73.93623572,266.0,NAVD88,,186.00,112SDGV,SDGL,CLAYEY,,,,,
175,424256073561201,A 126,42.71563292,-73.93623572,266.0,NAVD88,,267.00,BEDROCK,SHLE,DARK GREY,,,,,"POSSIBLY WATER-BEARING 76-267, FAIR AQUIFER POTENTIAL"
176,423219073502401,A 127,42.53869115,-73.83956881,163.0,NAVD88,270.0,255.00,364CNJR,SHLE,,,,,,"AQUIFER MAY BE NORMANSKILL FM, DEPTH TO SHALE APPROXIMATE, IRON IN WATER"
177,423219073502401,A 127,42.53869115,-73.83956881,163.0,NAVD88,270.0,255.00,BEDROCK,SHLE,,,,,,
178,423416073532601,A 128,42.57119036,-73.89012566,473.0,NAVD88,18.0,.00,112TILL,,,48.0,,,,
179,423506073534901,A 129,42.58507904,-73.89651455,345.0,NAVD88,15.0,.00,112TILL,,,48.0,,,,
180,423520073531601,A 130,42.58896796,-73.88734752,335.0,NAVD88,314.0,14.00,364SKHL,SHLE,SNAKE HILL FORM,6.0,,999.0,19460101.0,
181,423520073531602,A 131,42.58896796,-73.88734752,335.0,NAVD88,45.0,12.00,364SKHL,SHLE,SNAKE HILL FORM,6.0,,,,H2S
182,423443073524501,A 132,42.57869037,-73.87873628,257.0,NAVD88,32.0,.00,112SDGV,GRVL,,6.0,,,,
183,423456073520101,A 133,42.58230154,-73.8665136,210.0,NAVD88,60.0,48.00,364SKHL,SHLE,SNAKE HILL FORM,6.0,,,,
184,423553073500201,A 134,42.59813496,-73.83345678,205.0,NAVD88,284.0,.00,112SAND,SNCL,,6.0,,,,NEVER USED BECAUSE OF QUICKSAND
185,423518073495201,A 135,42.58841287,-73.83067902,217.0,NAVD88,70.0,14.00,364NMKL,SHLE,W/CHIRT/GRIT,6.0,,,,
186,423450073495001,A 136,42.58063518,-73.83012354,207.0,NAVD88,23.0,.00,112SAND,SNCL,,24.0,,,,
187,423600073491501,A 137,42.60007948,-73.82040078,186.0,NAVD88,49.0,.00,112SAND,SNCL,,6.0,,10.0,19460101.0,H2S
188,423605073482001,A 138,42.60146847,-73.80512251,194.0,NAVD88,14.0,.00,112SAND,SNCL,,36.0,,,,
189,424100073494501,A 139,42.68341178,-73.82873342,247.0,NAVD88,149.0,.00,112SAND,SAND,"F BR,TR SI",,,,,
190,424100073494501,A 139,42.68341178,-73.82873342,247.0,NAVD88,149.0,12.00,112SAND,SAND,"BR,SM SI",,,,,
191,424100073494501,A 139,42.68341178,-73.82873342,247.0,NAVD88,149.0,19.00,112LAKE,SILT,"GR,SM F SD",,,,,
192,424100073494501,A 139,42.68341178,-73.82873342,247.0,NAVD88,149.0,28.00,112LAKE,SILT,"GR,TR CL",,,,,
193,424100073494501,A 139,42.68341178,-73.82873342,247.0,NAVD88,149.0,138.00,112TILL,TILL,GRAY,,,,,
194,424100073494501,A 139,42.68341178,-73.82873342,247.0,NAVD88,149.0,146.00,361ODVCU,SHLE,DARK GRAY,,,,,
195,424100073493001,A 140,42.68341181,-73.82456664,241.0,NAVD88,215.0,.00,112SAND,SAND,"F BR,TR SI",,,,,
196,424100073493001,A 140,42.68341181,-73.82456664,241.0,NAVD88,215.0,50.00,112SAND,SAND,"BR,SM SI,TR CL",,,,,
197,424100073493001,A 140,42.68341181,-73.82456664,241.0,NAVD88,215.0,55.00,112LAKE,STCL,GRAY,,,,,
198,424100073493001,A 140,42.68341181,-73.82456664,241.0,NAVD88,215.0,165.00,112SAND,SAND,"GR,SM SI AND CL",,,,,
199,424100073493001,A 140,42.68341181,-73.82456664,241.0,NAVD88,215.0,200.00,112TILL,TILL,GRAY,,,,,
200,424100073493001,A 140,42.68341181,-73.82456664,241.0,NAVD88,215.0,205.00,361ODVCU,SHLE,DARK GRAY,,,,,
201,423631073472601,A 141,42.60869072,-73.79012196,182.0,NAVD88,350.0,.00,110QRNR,,,8.0,,,,H2S
202,424110073493501,A 142,42.68618954,-73.82595553,270.0,NAVD88,168.0,.00,112SAND,SAND,"F BR,TR SI",,,,,
203,424110073493501,A 142,42.68618954,-73.82595553,270.0,NAVD88,168.0,10.00,112LAKE,SILT,"BR,TR F SD,CBLS",,,,,
204,424110073493501,A 142,42.68618954,-73.82595553,270.0,NAVD88,168.0,30.00,112SAND,SAND,"BR,SM SI",,,,,
205,424110073493501,A 142,42.68618954,-73.82595553,270.0,NAVD88,168.0,55.00,112LAKE,SILT,"GR,TR F SD",,,,,
206,424110073493501,A 142,42.68618954,-73.82595553,270.0,NAVD88,168.0,85.00,112LAKE,SILT,"GR,SM CL",,,,,
207,424110073493501,A 142,42.68618954,-73.82595553,270.0,NAVD88,168.0,145.00,112SAND,SAND,"GR,SM SI",,,,,
208,424110073493501,A 142,42.68618954,-73.82595553,270.0,NAVD88,168.0,155.00,112TILL,TILL,GRAY,,,,,
209,424110073493501,A 142,42.68618954,-73.82595553,270.0,NAVD88,168.0,163.00,361ODVCU,SHLE,DARK GRAY,,,,,
210,423732073452801,A 143,42.62563521,-73.75734304,10.0,NAVD88,52.0,.00,111HLCN,GRVL,,10.0,,350.0,19460101.0,"H2S, SCREEN PACKER 40 FT"
211,423732073452802,A 144,42.62563521,-73.75734304,10.0,NAVD88,58.0,.00,111HLCN,GRVL,CLAYEY,10.0,,100.0,19460101.0,SCREEN PACKER 50 FEET
212,424250073521901,A 145,42.7139667,-73.87151191,316.0,NAVD88,49.0,,,,,,,1.5,19790919.0,
213,424250073521901,A 145,42.7139667,-73.87151191,316.0,NAVD88,49.0,.00,112SAND,SAND,V FINE TO FINE,2.0,45.0,1.5,19790418.0,
214,424250073521902,A 146,42.7139667,-73.87151191,316.0,NAVD88,25.0,,,,,,,3.0,19790919.0,
215,424250073521902,A 146,42.7139667,-73.87151191,316.0,NAVD88,25.0,.00,112SAND,SAND,V FINE TO FINE,2.0,23.0,3.0,19790418.0,
216,423635073461201,A 147,42.60980198,-73.76956576,38.0,NAVD88,144.0,88.00,364NMKL,SHLE,W/CHIRT/GRIT,6.0,,6.0,19460101.0,H2S
217,424247073515202,A 148,42.71313342,-73.86401173,330.0,NAVD88,60.0,37.00,112SAND,SAND,V FINE TO FINE,6.0,55.0,,,
218,423608073462401,A 149,42.60230205,-73.77289926,193.0,NAVD88,253.0,17.00,364NMKL,SHLE,W/CHIRT/GRIT,6.0,,1.0,19460101.0,
219,424247073515201,A 150,42.71313342,-73.86401173,330.0,NAVD88,60.0,,,,,,,3.0,19790919.0,
220,424247073515201,A 150,42.71313342,-73.86401173,330.0,NAVD88,60.0,37.00,112SAND,SAND,V FINE TO FINE,2.0,56.0,3.0,19790417.0,
221,424248073515401,A 151,42.71341119,-73.8645673,338.0,NAVD88,67.5,39.00,112SAND,SAND,V FINE TO FINE,2.0,63.5,3.0,19790417.0,WELL PAIR WITH PB-4C
222,423553073474501,A 152,42.59813525,-73.79540001,208.0,NAVD88,240.0,180.00,364NMKL,SHLE,W/CHIRT/GRIT,6.0,,,,H2S
223,423540073475501,A 153,42.59452417,-73.79817791,192.0,NAVD88,21.0,.00,112SAND,,,48.0,,,,
224,424248073515402,A 154,42.71341119,-73.8645673,338.0,NAVD88,44.0,39.00,112SAND,SAND,V FINE TO FINE,2.0,40.0,1.5,19790417.0,WELL PAIR WITH PB-4B
225,424247073515301,A 155,42.71313342,-73.86428952,328.0,NAVD88,69.0,29.00,112SAND,SAND,V FINE TO MEDIUM,2.0,65.0,3.0,19790417.0,WELL PAIR WITH PB-4E
226,423520073474301,A 156,42.5889687,-73.79484452,189.0,NAVD88,219.0,.00,364NMKL,SHLE,W/CHIRT/GRIT,6.0,,,,H2S
227,423520073474301,A 156,42.5889687,-73.79484452,189.0,NAVD88,219.0,219.00,BEDROCK,,,,,,,
228,424232073514901,A 157,42.70758333,-73.86183333,314.0,NAVD88,49.0,0,112SAND,SAND,QW U NONE;SAND 52 P;B,,,3.0,19790919.0,
229,424232073514901,A 157,42.70758333,-73.86183333,314.0,NAVD88,49.0,.00,112SAND,SAND,FINE TO MEDIUM,2.0,45.0,2.3,19790418.0,
230,424231073514901,A 158,42.70868903,-73.86317844,309.0,NAVD88,48.0,,,,,,,3.0,19790919.0,
231,424231073514901,A 158,42.70868903,-73.86317844,309.0,NAVD88,48.0,.00,112SAND,SAND,FINE TO MEDIUM,2.0,44.0,3.3,19790418.0,WELL PAIR WITH PB-6C
232,423456073474301,A 159,42.58230212,-73.79484459,168.0,NAVD88,242.0,.00,112PLSC,CLAY,,5.0,,2.5,19460101.0,WELL FLOWED WHEN DRL.
233,424231073514902,A 160,42.70868903,-73.86317844,309.0,NAVD88,22.0,,,,,,,3.0,19790919.0,
234,424231073514902,A 160,42.70868903,-73.86317844,309.0,NAVD88,22.0,.00,112SAND,SAND,,2.0,18.0,3.3,19790418.0,WELL PAIR WITH PB-6B
235,423443073471301,A 161,42.57869112,-73.78651101,188.0,NAVD88,60.0,45.00,364NMKL,SHLE,W/CHIRT/GRIT,6.0,,,,
236,423501073461001,A 162,42.5836912,-73.76901039,44.0,NAVD88,189.0,7.00,364NMKL,SHLE,W/CHIRT/GRIT,6.0,,2.0,19460101.0,H2S
237,424232073515001,A 163,42.70896681,-73.86345622,309.0,NAVD88,49.0,,,,,,,3.0,19790919.0,
238,424232073515001,A 163,42.70896681,-73.86345622,309.0,NAVD88,49.0,.00,112SAND,SAND,FINE TO MEDIUM,2.0,45.0,1.5,19790418.0,WELL PAIR WITH PB-6E
239,423511073460401,A 164,42.58646895,-73.76734365,55.0,NAVD88,301.0,18.00,364NMKL,SHLE,W/CHIRT/GRIT,8.0,,5.0,19460101.0,SEALED AT 42 FEET TO KEEP OUT OIL
240,423422073460701,A 165,42.572858,-73.76817712,57.0,NAVD88,97.0,26.00,364NMKL,SHLE,W/CHIRT/GRIT,8.0,,6.0,19460101.0,
241,424232073515002,A 166,42.70761111,-73.86183333,314.0,NAVD88,22.0,0,112SAND,SAND,QW U NONE;SAND 24 + P;B,,,3.0,19790919.0,
242,424232073515002,A 166,42.70761111,-73.86183333,314.0,NAVD88,22.0,.00,112SAND,SAND,FINE TO MEDIUM,2.0,18.0,3.8,19790418.0,"WELL PAIR WITH PB-6D, WL+NAWQA SAMPLE 07/20/93"
243,423405073472201,A 167,42.56813567,-73.78901119,176.0,NAVD88,137.0,135.00,364NMKL,SHLE,W/CHIRT/GRIT,5.0,,,,H2S
244,424421073413401,A 168,42.73924491,-73.6923407,21.0,NAVD88,35.0,,,,,,,,,
245,423421073482001,A 169,42.57257993,-73.8051228,179.0,NAVD88,25.0,.00,112PLSC,CLAY,,48.0,,,,
246,424325073493001,A 170,42.72368912,-73.82456618,309.0,NAVD88,,,,,,,,,,
247,424359073493801,A 171,42.73313344,-73.82678835,316.0,NAVD88,,,,,,,,,,
248,423357073494601,A 172,42.56591314,-73.82901256,133.0,NAVD88,25.0,.00,112PLSC,CLAY,,48.0,,,,
249,423348073502101,A 173,42.56341309,-73.83873515,177.0,NAVD88,80.0,.00,112SDGV,GRVL,,5.0,,,,H2S
250,423312073511001,A 174,42.55341309,-73.85234685,166.0,NAVD88,273.0,.00,364NMKL,SHLE,W/CHIRT/GRIT,4.5,,1.5,19460101.0,
251,423249073502901,A 175,42.54702437,-73.84095764,142.0,NAVD88,30.0,.00,112PLSC,CLAY,,120.0,,,,
252,424247073515302,A 176,42.71313342,-73.86428952,328.0,NAVD88,32.0,,,,,,,3.0,19790919.0,
253,424247073515302,A 176,42.71313342,-73.86428952,328.0,NAVD88,32.0,28.00,112SAND,SAND,,2.0,28.0,3.0,19790417.0,WELL PAIR WITH PB-4D
254,423154073514301,A 177,42.53174659,-73.86151412,292.0,NAVD88,30.0,.00,110QRNR,,,30.0,,100.0,19460101.0,
255,423220073494901,A 178,42.538969,-73.82984624,119.0,NAVD88,14.0,.00,112PLSC,CLAY,,48.0,,,,
256,424247073515203,A 179,42.71313342,-73.86401173,330.0,NAVD88,17.0,.00,112SAND,SAND,,2.0,13.0,,,
257,424152073501901,A 180,42.69785599,-73.83817794,284.0,NAVD88,20.0,.00,112SAND,SAND,"FINE,REDDISH TAN",2.0,16.0,,,
258,423251073483301,A 181,42.54758019,-73.80873429,179.0,NAVD88,16.0,.00,112SAND,,,1.5,,,,
259,423224073481501,A 182,42.54008032,-73.80373419,177.0,NAVD88,20.0,.00,112SAND,,,36.0,,,,
260,423205073480501,A 183,42.53480263,-73.80095637,167.0,NAVD88,10.0,.00,112SAND,,,1.5,,,,
261,424232073514902,A 184,42.70896681,-73.86317844,309.0,NAVD88,49.0,,,,,,,58.5,19790607.0,
262,424232073514902,A 184,42.70896681,-73.86317844,309.0,NAVD88,49.0,.00,112SAND,SAND,FINE TO MEDIUM,6.0,44.0,55.5,19790529.0,
263,424230073514802,A 185,42.70841126,-73.86290066,310.0,NAVD88,,,,,,,,,,
264,423153073475501,A 186,42.53146936,-73.79817853,161.0,NAVD88,22.0,.00,112SAND,,,96.0,,25.0,19460101.0,
265,424115073495501,A 187,42.68757838,-73.83151122,258.0,NAVD88,,.00,112SAND,SAND,"F BR,TR SI",,,,,
266,424115073495501,A 187,42.68757838,-73.83151122,258.0,NAVD88,,28.00,112LAKE,SILT,"GR,SM F SD",,,,,
267,424115073495501,A 187,42.68757838,-73.83151122,258.0,NAVD88,,65.00,112LAKE,SILT,"GR,SM CL",,,,,
268,424115073495501,A 187,42.68757838,-73.83151122,258.0,NAVD88,,131.00,361ODVCU,SHLE,DARK,,,,,
269,424120073494001,A 188,42.68896728,-73.82734443,269.0,NAVD88,,.00,112SAND,SAND,"BR,SM SI",,,,,
270,424120073494001,A 188,42.68896728,-73.82734443,269.0,NAVD88,,20.00,112LAKE,SILT,"BR,TR SD",,,,,
271,424120073494001,A 188,42.68896728,-73.82734443,269.0,NAVD88,,50.00,112LAKE,SILT,"GR,SM F SD",,,,,
272,424120073494001,A 188,42.68896728,-73.82734443,269.0,NAVD88,,84.00,112LAKE,SILT,"GR,SM CL",,,,,
273,424120073494001,A 188,42.68896728,-73.82734443,269.0,NAVD88,,136.00,361ODVCU,SHLE,"BRKN,BLDRS ALSO",,,,,
274,424110073494501,A 189,42.68618953,-73.82873338,249.0,NAVD88,,.00,112SAND,SAND,"F BR,TO SI",,,,,
275,424110073494501,A 189,42.68618953,-73.82873338,249.0,NAVD88,,15.00,112LAKE,SILT,"BR,TR F SD",,,,,
276,424110073494501,A 189,42.68618953,-73.82873338,249.0,NAVD88,,35.00,112LAKE,SILT,"GRAY,TR F SD",,,,,
277,424110073494501,A 189,42.68618953,-73.82873338,249.0,NAVD88,,60.00,112LAKE,STCL,GRAY,,,,,
278,424110073494501,A 189,42.68618953,-73.82873338,249.0,NAVD88,,160.00,112TILL,TILL,GRAY,,,,,
279,424110073494501,A 189,42.68618953,-73.82873338,249.0,NAVD88,,167.00,361ODVCU,SHLE,DARK GRAY,,,,,
280,423215073464101,A 190,42.53758058,-73.77762218,140.0,NAVD88,105.0,80.00,364NMKL,SHLE,W/CHIRT/GRIT,6.0,,7.0,19460101.0,
281,423101073485601,A 191,42.51702494,-73.81512373,150.0,NAVD88,243.0,.00,112SDGV,GRVL,,6.0,,16.0,19460101.0,
282,423101073485601,A 191,42.51702494,-73.81512373,150.0,NAVD88,243.0,243.00,BEDROCK,,,,,,,
283,424125073493501,A 192,42.69035616,-73.82595548,272.0,NAVD88,157.0,.00,112SAND,SAND,"F BR,SM SI",,,,,
284,424125073493501,A 192,42.69035616,-73.82595548,272.0,NAVD88,157.0,32.00,112LAKE,SILT,"BR,SM SD",,,,,
285,424125073493501,A 192,42.69035616,-73.82595548,272.0,NAVD88,157.0,72.00,112LAKE,SILT,"GR,SM F SD",,,,,
286,424125073493501,A 192,42.69035616,-73.82595548,272.0,NAVD88,157.0,90.00,112SAND,SAND,"F GR,TR SI",,,,,
287,424125073493501,A 192,42.69035616,-73.82595548,272.0,NAVD88,157.0,102.00,112LAKE,SILT,"GR,SM CL",,,,,
288,424125073493501,A 192,42.69035616,-73.82595548,272.0,NAVD88,157.0,145.00,112TILL,TILL,GRAY,,,,,
289,424125073493501,A 192,42.69035616,-73.82595548,272.0,NAVD88,157.0,155.00,361ODVCU,SHLE,BLACK,,,,,
290,423608073465401,A 193,42.60230198,-73.78123285,202.0,NAVD88,255.0,172.00,364NMKL,SHLE,W/CHIRT/GRIT,8.0,,8.0,19460101.0,
291,423353073481801,A 194,42.56480225,-73.80456731,172.0,NAVD88,170.0,.00,112PLSC,CLAY,,5.0,,,,H2S
292,423335073474201,A 195,42.55980239,-73.79456701,179.0,NAVD88,187.0,183.00,364NMKL,SHLE,W/CHIRT/GRIT,6.0,,,,H2S
293,424110073494001,A 196,42.68618953,-73.82734446,256.0,NAVD88,174.0,.00,112SAND,SAND,"F BR,TR SI",,,,,
294,424110073494001,A 196,42.68618953,-73.82734446,256.0,NAVD88,174.0,25.00,112LAKE,SILT,"BR,TR F SD",,,,,
295,424110073494001,A 196,42.68618953,-73.82734446,256.0,NAVD88,174.0,60.00,112LAKE,SILT,"GR,TR F SD",,,,,
296,424110073494001,A 196,42.68618953,-73.82734446,256.0,NAVD88,174.0,75.00,112LAKE,SILT,"GR,TR CL",,,,,
297,424110073494001,A 196,42.68618953,-73.82734446,256.0,NAVD88,174.0,120.00,112LAKE,STCL,GRAY,,,,,
298,424110073494001,A 196,42.68618953,-73.82734446,256.0,NAVD88,174.0,160.00,112TILL,TILL,GRAY,,,,,
299,424110073494001,A 196,42.68618953,-73.82734446,256.0,NAVD88,174.0,172.00,361ODVCU,SHLE,,,,,,
300,423651073471101,A 197,42.61424625,-73.78595512,183.0,NAVD88,223.0,.00,112SDGV,GRVL,,6.0,,9.0,19460101.0,
301,423645073555701,A 198,42.61257847,-73.93207078,487.0,NAVD88,400.0,68.00,364ODVCM,SDSL,SCHEN. FORM,8.0,,1.0,19460101.0,
302,424118073501301,A 199,42.68841167,-73.83651134,256.0,NAVD88,18.0,.00,112SAND,,,2.0,,,,
303,423113073571001,A 200,42.52035704,-73.95235093,662.0,NAVD88,182.0,6.00,344HMLN,SDSL,MT. MARION FORM,6.0,,15.0,19460101.0,H2S
304,424249073521801,A 201,42.71368892,-73.87123413,316.0,NAVD88,30.8,,,,,,,1.5,19790919.0,
305,424249073521801,A 201,42.71368892,-73.87123413,316.0,NAVD88,30.8,27.00,112SAND,SAND,"BLACK,SOME SILT",2.0,26.8,2.75,19790418.0,
306,424115073492001,A 202,42.68757845,-73.82178874,267.0,NAVD88,,.00,112SAND,SAND,"F BR,TR SI",,,,,
307,424115073492001,A 202,42.68757845,-73.82178874,267.0,NAVD88,,24.00,112SAND,SAND,"BR,SM SI",,,,,
308,424115073492001,A 202,42.68757845,-73.82178874,267.0,NAVD88,,37.00,112LAKE,SILT,"GR,TR F SD",,,,,
309,424115073492001,A 202,42.68757845,-73.82178874,267.0,NAVD88,,77.00,112LAKE,SILT,"GR,TR CL",,,,,
310,424115073492001,A 202,42.68757845,-73.82178874,267.0,NAVD88,,92.00,112LAKE,SILT,"GR,SM CL,BLDRS",,,,,
311,424115073492001,A 202,42.68757845,-73.82178874,267.0,NAVD88,,212.00,112TILL,TILL,GRAY,,,,,
312,424115073492001,A 202,42.68757845,-73.82178874,267.0,NAVD88,,216.00,361ODVCU,SHLE,DK GRAY,,,,,
313,424125073493001,A 203,42.69035617,-73.82456656,257.0,NAVD88,,.00,112SAND,SAND,"BR,TR SI",,,,,
314,424125073493001,A 203,42.69035617,-73.82456656,257.0,NAVD88,,32.00,112LAKE,SILT,"GR,SM F SD",,,,,
315,424125073493001,A 203,42.69035617,-73.82456656,257.0,NAVD88,,44.00,112SAND,SAND,"BR,TR SI",,,,,
316,424125073493001,A 203,42.69035617,-73.82456656,257.0,NAVD88,,50.00,112LAKE,SILT,"BR,SM F SD",,,,,
317,424125073493001,A 203,42.69035617,-73.82456656,257.0,NAVD88,,67.00,112LAKE,SILT,"GR,SM CL",,,,,
318,424125073493001,A 203,42.69035617,-73.82456656,257.0,NAVD88,,210.00,112TILL,TILL,,,,,,
319,424125073493001,A 203,42.69035617,-73.82456656,257.0,NAVD88,,211.00,361ODVCU,SHLE,BLACK,,,,,
320,423131073573001,A 204,42.52535694,-73.95790659,688.0,NAVD88,10.0,.00,344HMLN,SDSL,MT. MARION FORM,36.0,,100.0,19460101.0,
321,424238073593801,A 205,42.71063259,-73.99345948,321.0,NAVD88,16.0,.00,112SAND,,,60.0,,,,
322,424220073573501,A 206,42.70563287,-73.95929205,310.0,NAVD88,,.00,112SDGV,SDGL,"BR,ALSO CLAY",,,,,"WATER LEVEL REPORTED 9 FT,ASSUMED BELOW LSD, DATE UNKNOWN"
323,424220073573501,A 206,42.70563287,-73.95929205,310.0,NAVD88,,11.00,112SDGV,SDGL,GRAY,,,,,
324,424220073573501,A 206,42.70563287,-73.95929205,310.0,NAVD88,,18.00,112SDGV,SDGL,"CRSGR,SM SAND",,,,,
325,424220073573501,A 206,42.70563287,-73.95929205,310.0,NAVD88,,27.00,112SDGV,SDGL,"BR,SM CLAY",,,,,
326,424220073573501,A 206,42.70563287,-73.95929205,310.0,NAVD88,,48.99,300PLZC,SDMN,,,,,,
327,424442073472402,A 207,42.74507798,-73.78956513,279.0,NAVD88,48.0,.00,112SDGV,GRVL,,26.0,,118.0,19460101.0,
328,424442073472402,A 207,42.74507798,-73.78956513,279.0,NAVD88,48.0,48.00,BEDROCK,,,,,,,
329,424208073485201,A 208,42.70230055,-73.8140106,278.0,NAVD88,228.0,218.00,112SAND,,,10.0,,150.0,19460101.0,
330,424235073531001,A 209,42.70979998,-73.88567899,297.0,NAVD88,,.00,112SAND,SAND,"FINE,LTL SI",,,,,"WATER LEVEL REPORTED 17.5 FT, ASSUMED BELOW LSD, DATE UNKNOWN"
331,424235073531001,A 209,42.70979998,-73.88567899,297.0,NAVD88,,20.00,112SAND,SAND,"M-FBR,SM SI",,,,,
332,424235073531001,A 209,42.70979998,-73.88567899,297.0,NAVD88,,30.00,112LAKE,SILT,"BR,LTL F SD",,,,,
333,424235073531001,A 209,42.70979998,-73.88567899,297.0,NAVD88,,35.00,112SAND,SAND,"BR-GR F-M,SM SI",,,,,
334,424235073531001,A 209,42.70979998,-73.88567899,297.0,NAVD88,,45.00,112LAKE,SILT,"GR,TR CL F SD",,,,,
335,424235073525001,A 210,42.70980002,-73.8801233,314.0,NAVD88,,.00,112SAND,SAND,"BR F-M SD, SM SLT",,,,,"WATER LEVEL REPORTED 20 FT, ASSUMED BELOW LSD, DATE UNKNOWN"
336,424235073525001,A 210,42.70980002,-73.8801233,314.0,NAVD88,,35.00,112LAKE,SILT,"BR,SM F SD",,,,,
337,424235073525001,A 210,42.70980002,-73.8801233,314.0,NAVD88,,40.00,112LAKE,SDST,BR F,,,,,
338,424235073525001,A 210,42.70980002,-73.8801233,314.0,NAVD88,,50.00,112LAKE,SAND,"GR M-F, SM SLT",,,,,
339,424235073525001,A 210,42.70980002,-73.8801233,314.0,NAVD88,,65.00,112LAKE,STCL,"GR VRVD, SMF SD",,,,,
340,424255073525001,A 211,42.71535551,-73.88012322,315.0,NAVD88,,.00,112LAKE,SDST,"RED-BR,FINE",,,,,"WATER LEVEL REPORTED 7 FT, ASSUMED BELOW LSD, DATE UNKNOWN"
341,424255073525001,A 211,42.71535551,-73.88012322,315.0,NAVD88,,5.00,112LAKE,SDST,"BR F-M SD, GR SLT",,,,,
342,424255073525001,A 211,42.71535551,-73.88012322,315.0,NAVD88,,30.00,112LAKE,SDST,"GR F,BR FR 30-40",,,,,
343,424255073524501,A 212,42.71535552,-73.87873429,317.0,NAVD88,,.00,112SAND,SAND,"F BR,LUL SLT",,,,,"WATER LEVEL REPORTED 11.5 FT, ASSUMED BELOW LSD, DATE UNKNOWN"
344,424255073524501,A 212,42.71535552,-73.87873429,317.0,NAVD88,,15.00,112LAKE,SDST,F-MBR,,,,,
345,424255073524501,A 212,42.71535552,-73.87873429,317.0,NAVD88,,20.00,112LAKE,SILT,"SM SD,GR BL 25",,,,,
346,424255073524501,A 212,42.71535552,-73.87873429,317.0,NAVD88,,35.00,112LAKE,SDST,"GR ST,F SD",,,,,
347,424255073524501,A 212,42.71535552,-73.87873429,317.0,NAVD88,,40.00,112LAKE,SILT,"GR,LUL CL,TR SD",,,,,
348,423752074090701,A 213,42.63118768,-74.15152049,958.0,NAVD88,,,,,,,,2.5,19560101.0,
349,423752074090701,A 213,42.63118768,-74.15152049,958.0,NAVD88,,,,,,6.0,142.0,2.5,19560000.0,
350,424003073463501,A 214,42.66757901,-73.77595436,226.0,NAVD88,374.0,214.00,364SKHL,,,,,1.0,19460101.0,
351,423701074042801,A 215,42.61702175,-74.07401908,1181.0,NAVD88,,,,,,,,5.0,19600101.0,
352,423701074042801,A 215,42.61702175,-74.07401908,1181.0,NAVD88,,,,,,6.0,135.0,5.0,19600000.0,
353,423907073452801,A 216,42.65202378,-73.75734284,150.0,NAVD88,188.0,172.00,364SKHL,SHLE,SNAKE HILL FORM,,,,,
354,423704074042701,A 217,42.61785508,-74.07374127,1183.0,NAVD88,,,,,,,,1.5,19600101.0,
355,423704074042701,A 217,42.61785508,-74.07374127,1183.0,NAVD88,,,,,,6.0,169.0,1.5,19600000.0,
356,423716074081601,A 218,42.62118788,-74.13735384,1222.0,NAVD88,,,,,,,,2.5,19540101.0,
357,423716074081601,A 218,42.62118788,-74.13735384,1222.0,NAVD88,,,,,,6.0,35.0,2.5,19540000.0,
358,423723074070301,A 219,42.62313247,-74.1170755,1032.0,NAVD88,,,,,,,,2.5,19600101.0,
359,423723074070301,A 219,42.62313247,-74.1170755,1032.0,NAVD88,,,,,,,45.0,2.5,19600000.0,
360,423804074085601,A 220,42.63452101,-74.14846474,945.0,NAVD88,,,,,,,,20.0,19560101.0,
361,423804074085601,A 220,42.63452101,-74.14846474,945.0,NAVD88,,,,,,6.0,88.0,20.0,19560000.0,
362,423806074061301,A 221,42.63507692,-74.10318589,1223.0,NAVD88,,,,,,,92.0,5.0,19650500.0,"REPAIRED TO KEEP OUT CLAY IN ROCK SEAM, SLIGHTLY HARD, NO SULFUR OR IRON"
363,423931074075701,A 222,42.6586876,-74.13207462,1146.0,NAVD88,,,,,,,,10.0,19680101.0,
364,423931074075701,A 222,42.6586876,-74.13207462,1146.0,NAVD88,,,,,,6.0,126.0,10.0,19680000.0,
365,424005073452501,A 223,42.66813469,-73.75650937,200.0,NAVD88,,.00,111FILL,OTHR,FILL,,,,,
366,424005073452501,A 223,42.66813469,-73.75650937,200.0,NAVD88,,10.00,112SAND,SAND,BROWN,,,,,
367,424005073452501,A 223,42.66813469,-73.75650937,200.0,NAVD88,,13.00,112LAKE,SILT,"GR,SM CL SD,VRVD",,,,,
368,424005073452501,A 223,42.66813469,-73.75650937,200.0,NAVD88,,117.00,112SDGV,SDGL,"GR COMPACT,TR SI",,,,,
369,423853073452101,A 224,42.64813495,-73.75539837,50.0,NAVD88,135.0,122.00,364SKHL,SHLE,SNAKE HILL FORM,,,,,
370,423311073510200,A 225,42.55313534,-73.85012455,164.0,NAVD88,,,,,,,,,,
371,423855073544601,A 227,42.64822222,-73.91219444,340.0,NAVD88,80.0,,,,,8.0,64.0,,,
372,423855073544601,A 227,42.64822222,-73.91219444,340.0,NAVD88,80.0,,112ICCC,SDGL,kame,8.0,64.0,90.0,20130710.0,
373,423922073444301,A 229,42.65619044,-73.74484245,16.0,NAVD88,252.0,54.00,364SKHL,SHLE,SNAKE HILL FORM,10.0,,55.0,19460101.0,
374,424042073444701,A 230,42.67841239,-73.74595345,221.0,NAVD88,91.0,64.00,364SKHL,SHLE,SNAKE HILL FORM,6.0,,0.5,19460101.0,
375,423757073451501,A 231,42.6325796,-73.75373177,0.0,NAVD88,72.0,56.00,364NMKL,SHLE,W/CHIRT/GRIT,8.0,,15.0,19460101.0,
376,424229074012901,A 238,42.70806667,-74.02478056,385.0,NAVD88,50.0,,,,,,,,,
377,424254073441501,A 240,42.71507859,-73.7370641,280.0,NAVD88,171.0,56.00,364SKHL,SHLE,SNAKE HILL FORM,6.0,,3.0,19460101.0,H2S
378,424250073431701,A 241,42.71396748,-73.72095259,49.0,NAVD88,208.0,30.00,364SKHL,SHLE,SNAKE HILL FORM,8.0,,100.0,19460101.0,
379,424210073545001,A 250,42.70285543,-73.91345759,168.0,NAVD88,,.00,112LAKE,CLAY,YELLOW,,,,,"WATER LEVEL REPORTED 20.4 FT, ASSUMED BELOW LSD, DATE UNKNOWN"
380,424210073545001,A 250,42.70285543,-73.91345759,168.0,NAVD88,,8.00,112LAKE,CLAY,GRAY,,,,,
381,424210073545001,A 250,42.70285543,-73.91345759,168.0,NAVD88,,80.00,112TILL,TILL,GRAY,,,,,
382,424210073545001,A 250,42.70285543,-73.91345759,168.0,NAVD88,,137.00,112TILL,TILL,GRAVEL TILL,,,,,
383,424210073545001,A 250,42.70285543,-73.91345759,168.0,NAVD88,,145.00,112TILL,TILL,"CEM,GRVL,DENSE",,,,,
384,424210073545001,A 250,42.70285543,-73.91345759,168.0,NAVD88,,179.00,112SDGV,GRVL,"CRSE,WATER",,,,,
385,424210073545001,A 250,42.70285543,-73.91345759,168.0,NAVD88,,180.00,300PLZC,SHLE,,,,,,
386,424225073545001,A 251,42.70702205,-73.91345752,207.0,NAVD88,,.00,112LAKE,STCL,BROWN,,,,,
387,424225073545001,A 251,42.70702205,-73.91345752,207.0,NAVD88,,14.00,112LAKE,CLAY,"BLUE,SM SI",,,,,
388,424225073545001,A 251,42.70702205,-73.91345752,207.0,NAVD88,,55.00,112LAKE,SDST,FINE GR,,,,,
389,424225073545001,A 251,42.70702205,-73.91345752,207.0,NAVD88,,81.00,112SAND,SAND,"F TO CRSE,GR",,,,,
390,424225073545001,A 251,42.70702205,-73.91345752,207.0,NAVD88,,98.00,112SDGV,SDGL,"CRS SD,SMALL GRV",,,,,
391,424225073545001,A 251,42.70702205,-73.91345752,207.0,NAVD88,,105.00,112SDGV,SDGL,SILT ALSO,,,,,
392,424225073545001,A 251,42.70702205,-73.91345752,207.0,NAVD88,,111.00,112ICCC,GRCL,GR HARDPAN,,,,,
393,424225073545001,A 251,42.70702205,-73.91345752,207.0,NAVD88,,116.00,112SDGV,SDGL,"CEMENTED, SM SI",,,,,
394,424225073545001,A 251,42.70702205,-73.91345752,207.0,NAVD88,,154.00,112SDGV,SDGL,"SAME AS AB,W H2O",,,,,
395,424225073545001,A 251,42.70702205,-73.91345752,207.0,NAVD88,,158.00,300PLZC,SDMN,,,,,,
396,424438073413101,A 252,42.74396707,-73.69150733,24.0,NAVD88,180.0,39.00,364SKHL,SHLE,SNAKE HILL FORM,6.0,,20.0,19460101.0,
397,424610073440801,A 253,42.7695224,-73.73511938,319.0,NAVD88,29.0,.00,112TILL,,,8.0,,0.75,19460101.0,
398,424610073440802,A 254,42.7695224,-73.73511938,319.0,NAVD88,36.0,.00,112TILL,,,8.0,,5.0,19460101.0,
399,424716073442001,A 256,42.78785556,-73.73845278,348.0,NAVD88,83.0,18.00,364NMKL,SHLE,W/CHIRT/GRIT,6.0,,1.5,19460101.0,
400,424841073440201,A 257,42.81146644,-73.73345265,257.0,NAVD88,215.0,30.00,364NMKL,SHLE,W/CHIRT/GRIT,8.0,,2.0,19460101.0,
401,424641073452001,A 259,42.7781334,-73.75511983,340.0,NAVD88,40.0,22.00,364NMKL,SHLE,W/CHIRT/GRIT,8.0,,3.0,19460101.0,
402,424729073453601,A 260,42.79146658,-73.75956436,210.0,NAVD88,147.0,8.00,364NMKL,SHLE,W/CHIRT/GRIT,8.0,,2.0,19460101.0,
403,424538073512901,A 261,42.76063296,-73.85762221,306.0,NAVD88,23.0,.00,112SDGV,GRVL,,36.0,,,,
404,423836073561701,A 262,42.64341144,-73.93762595,415.0,NAVD88,72.0,5.00,364ODVCM,SDSL,SCHEN. FORM,6.0,,,,H2S
405,423854073460001,A 263,42.64841264,-73.76623201,157.0,NAVD88,1000.0,20.00,364SKHL,SHLE,SNAKE HILL FORM,8.0,,,,
406,424414073473101,A 264,42.73730028,-73.79150969,295.0,NAVD88,224.0,,,,,8.0,93.0,300.0,19471024.0,
407,424414073473101,A 264,42.73730028,-73.79150969,295.0,NAVD88,224.0,206.00,112SDGV,SDGL,GRAVEL IS COARSE,6.0,208.7,325.0,19300603.0,
408,424414073473001,A 265,42.73730028,-73.7912319,296.0,NAVD88,244.0,,,,,8.0,223.0,,,
409,424414073473001,A 265,42.73730028,-73.7912319,296.0,NAVD88,244.0,,,,,18.0,47.0,,,
410,424414073473001,A 265,42.73730028,-73.7912319,296.0,NAVD88,244.0,221.00,112SDGV,GRVL,BOULDER-SIZED,12.0,221.0,640.0,19300710.0,
411,424412073473101,A 266,42.73674473,-73.79150969,294.0,NAVD88,303.0,262.00,112SDGV,GRVL,,18.0,260.0,525.0,19470918.0,
412,424412073473101,A 266,42.73674473,-73.79150969,294.0,NAVD88,303.0,305.00,BEDROCK,,,12.0,263.0,,,
413,424452073473601,A 267,42.7478557,-73.79289851,283.0,NAVD88,164.0,,,,,8.0,152.0,,,
414,424452073473601,A 267,42.7478557,-73.79289851,283.0,NAVD88,164.0,,,,,18.0,140.0,,,
415,424452073473601,A 267,42.7478557,-73.79289851,283.0,NAVD88,164.0,150.00,112SAND,SAND,,12.0,136.0,645.0,19320217.0,
416,424442073472401,A 268,42.73896694,-73.78956518,294.0,NAVD88,48.0,,,,,38.0,40.0,,,
417,424442073472401,A 268,42.73896694,-73.78956518,294.0,NAVD88,48.0,40.00,112SDGV,GRVL,DARK COLORED,26.0,40.0,118.0,19320105.0,
418,424436073541101,A 269,42.74341062,-73.90262333,330.0,NAVD88,70.0,73.00,112SAND,,,12.0,,400.0,19460101.0,
419,424446073540101,A 270,42.74618838,-73.89984544,336.0,NAVD88,38.0,.00,112SAND,,,12.0,,300.0,19460101.0,
420,424446073540101,A 270,42.74618838,-73.89984544,336.0,NAVD88,38.0,38.00,BEDROCK,,,,,,,
421,424337073470401,A 271,42.72702267,-73.7840096,319.0,NAVD88,121.0,59.00,112SDGV,SDGL,BLACK GRAVEL,24.0,80.0,660.0,19410902.0,
422,424337073470401,A 271,42.72702267,-73.7840096,319.0,NAVD88,121.0,127.00,BEDROCK,,,12.0,90.0,,,
423,424207073480701,A 272,42.70202277,-73.81428838,278.0,NAVD88,228.0,203.00,112SAND,SAND,SND W CLAY&BLDRS,10.0,208.0,150.0,19420425.0,
424,424207073480701,A 272,42.70202277,-73.81428838,278.0,NAVD88,228.0,218.00,BEDROCK,,,18.0,205.0,,,
425,424613073482901,A 273,42.77035539,-73.80762105,203.0,NAVD88,161.0,113.00,112SDGV,SDGL,COARSE,24.0,120.0,705.0,19420622.0,
426,424613073482901,A 273,42.77035539,-73.80762105,203.0,NAVD88,161.0,173.00,BEDROCK,,,12.0,131.0,,,
427,424624073490901,A 274,42.77341085,-73.81873243,217.0,NAVD88,95.0,94.00,112SDGV,GRVL,,10.0,,250.0,19460101.0,
428,423716073573201,A 277,42.62118611,-73.95902222,357.0,NAVD88,,,,,,,,,,
429,423724073574601,A 278,42.62353611,-73.96283611,390.0,NAVD88,72.0,,,,,,,,,
430,423406073545801,A 279,42.56839444,-73.91611389,350.0,NAVD88,,,,,,,,,,
431,423406073545802,A 280,42.56835,-73.916175,350.0,NAVD88,,,,,,,,,,
432,423406073545803,A 281,42.56839444,-73.91611389,350.0,NAVD88,35.0,,,,,,,,,
433,423406073545804,A 282,42.56835,-73.916175,350.0,NAVD88,35.0,,,,,,,,,
434,424123073540201,A 283,42.68998611,-73.90079444,177.0,NAVD88,118.0,,,,,,,,,
435,424109073535801,A 284,42.68591111,-73.89951111,148.0,NAVD88,118.0,,,,,,,,,
436,424726073464501,A 285,42.79079444,-73.77919722,182.0,NAVD88,44.0,,,,,,,,,
437,424726073464502,A 286,42.79079444,-73.77919722,182.0,NAVD88,40.0,,,,,,,,,
438,424726073464503,A 287,42.79079444,-73.77919722,182.0,NAVD88,34.0,,,,,,,,,
439,423559073532001,A 288,42.59980117,-73.8884585,240.0,NAVD88,117.0,94.00,364SKHL,SHLE,SNAKE HILL FORM,6.0,,7.0,19460101.0,
440,423607073532301,A 289,42.60202336,-73.88929183,241.0,NAVD88,140.0,100.00,364ODVCM,SDSL,SCHEN. FORM,6.0,,8.0,19460101.0,
441,424726073464504,A 291,42.79079444,-73.77919722,182.0,NAVD88,40.0,,,,,,,,,
442,424726073464505,A 292,42.79079444,-73.77919722,182.0,NAVD88,63.0,,,,,,,,,
443,423914073553001,A 293,42.65393611,-73.92526667,337.0,NAVD88,55.0,,,,,,,,,
444,423919073553601,A 294,42.65528889,-73.92668333,331.0,NAVD88,77.0,,,,,,,,,
445,423855073544602,A 295,42.64883611,-73.91278889,341.0,NAVD88,85.0,,,,,,,,,
446,424126073540001,A 296,42.69061111,-73.90019722,156.0,NAVD88,118.0,,,,,,,,,
447,423055073485001,A 297,42.51527778,-73.81388889,152.0,NAVD88,,,,,,,,,,
448,423057073484801,A 298,42.51599722,-73.81359722,155.0,NAVD88,,,,,,,,,,
449,423921074032901,A 299,42.65610833,-74.05833056,1323.0,NAVD88,,,,,,,,,,
450,424108074071801,A 300,42.68555556,-74.12166667,1268.0,NAVD88,,,,,,,,,,
451,424116074075801,A 301,42.68777778,-74.13277778,1354.0,NAVD88,,,,,,,,,,
452,424236074080101,A 302,42.71009722,-74.13379722,1221.0,NAVD88,,,,,,,,,,
453,424237074080001,A 303,42.71029722,-74.13349722,1222.0,NAVD88,,,,,,,,,,
454,424238074080101,A 304,42.71059722,-74.1337,1220.0,NAVD88,,,,,,,,,,
455,424238074080102,A 305,42.71059722,-74.1337,1220.0,NAVD88,,,,,,,,,,
456,422627073594901,A 306,42.44089722,-73.9971,929.0,NAVD88,,,,,,,,,,
457,422625073594901,A 307,42.4403,-73.9972,921.0,NAVD88,,,,,,,,,,
458,422623073595001,A 308,42.43979722,-73.99739722,913.0,NAVD88,,,,,,,,,,
459,423705074060801,A 309,42.6182,-74.10229722,1173.0,NAVD88,,,,,,,,,,
460,423705074060501,A 310,42.6182,-74.1016,1183.0,NAVD88,,,,,,,,,,
461,424354073441901,A 311,42.73174505,-73.73817513,310.0,NAVD88,226.0,113.00,364SKHL,SHLE,SNAKE HILL FORM,6.0,,,,
462,423056073485501,A 312,42.51583056,-73.81527778,155.0,NAVD88,,,,,,,,,,
463,423056073485502,A 313,42.51583056,-73.81527778,155.0,NAVD88,,,,,,,,,,
464,424202073442601,A 314,42.70063433,-73.74011982,279.0,NAVD88,210.0,58.00,364SKHL,SHLE,SNAKE HILL FORM,6.0,,,,H2S
465,423122073481801,A 315,42.52289722,-73.80509722,141.0,NAVD88,,,,,,,,,,
466,423123073482301,A 316,42.52309722,-73.80639722,165.0,NAVD88,,,,,,,,,,
467,423118073482601,A 317,42.5217,-73.80729722,151.0,NAVD88,,,,,,,,,,
468,423117073482401,A 318,42.52138889,-73.80666667,149.0,NAVD88,,,,,,,,,,
469,423120073482401,A 319,42.5223,-73.8067,159.0,NAVD88,,,,,,,,,,
470,424739073432701,A 320,42.79424439,-73.72373023,270.0,NAVD88,250.0,80.00,364NMKL,SHLE,W/CHIRT/GRIT,6.0,,30.0,19460101.0,
471,423051073485401,A 321,42.5142472,-73.81456819,136.0,NAVD88,94.0,,BEDROCK,LMSN,"0-10 DIRT, 10-94 LIMESTONE",6.0,,400.0,19440401.0,
472,424235073540501,A 336,42.70979988,-73.90095716,270.0,NAVD88,,.00,112SAND,SAND,"F BR,SM SI",,,,,"WATER LEVEL REPORTED 8.5 FT, ASSUMED BELOW LSD, DATE UNKNOWN"
473,424235073540501,A 336,42.70979988,-73.90095716,270.0,NAVD88,,5.00,112SAND,SAND,"F-M BR,LTL SI",,,,,
474,424235073540501,A 336,42.70979988,-73.90095716,270.0,NAVD88,,35.00,112LAKE,SILT,"GR,SM SD,TRCL",,,,,
475,424225073534001,A 337,42.70702218,-73.89401258,281.0,NAVD88,,.00,112SAND,SAND,"F RD-BR,TR SI",,,,,"WATER LEVEL REPORTED 36 FT, ASSUMED BELOW LSD, DATE UNKNOWN"
476,424225073534001,A 337,42.70702218,-73.89401258,281.0,NAVD88,,35.50,112LAKE,SILT,"BR,SM F SD",,,,,
477,424225073534001,A 337,42.70702218,-73.89401258,281.0,NAVD88,,40.00,112LAKE,SILT,"BR,LTL F SD,TR C",,,,,
478,424220073532001,A 338,42.70563334,-73.8884569,283.0,NAVD88,,.00,112SAND,SAND,"F BR,SM SI",,,,,"WATER LEVEL REPORTED 5.5 FT, ASSUMED BELOW LSD, DATE UNKNOWN"
479,424220073532001,A 338,42.70563334,-73.8884569,283.0,NAVD88,,15.00,112LAKE,SILT,"GR,LTL F SD,TR C",,,,,
480,424220073532001,A 338,42.70563334,-73.8884569,283.0,NAVD88,,20.00,112LAKE,SILT,"GR,SM CL,TR SD",,,,,
481,424220073532001,A 338,42.70563334,-73.8884569,283.0,NAVD88,,30.00,112SAND,SAND,"F GR,SM SI",,,,,
482,424220073532001,A 338,42.70563334,-73.8884569,283.0,NAVD88,,35.00,112LAKE,SILT,"GR,LTL F SD,TR C",,,,,
483,424235073532001,A 339,42.70979996,-73.88845684,310.0,NAVD88,,.00,112SAND,SAND,"F BR,SM SI,TR GL",,,,,"WATER LEVEL REPORTED 9.5 FT, ASSUMED BELOW LSD, DATE UNKNOWN"
484,424235073532001,A 339,42.70979996,-73.88845684,310.0,NAVD88,,30.00,112LAKE,SILT,"GR,LYRD,TR CL SD",,,,,
485,424245073534001,A 340,42.71257768,-73.89401249,297.0,NAVD88,,.00,112SAND,SAND,"F-M BR,LTL SI",,,,,"WATER LEVEL REPORTED 11.5 FT, ASSUMED BELOW LSD, DATE UNKNOWN"
486,424245073534001,A 340,42.71257768,-73.89401249,297.0,NAVD88,,20.00,112LAKE,SILT,"BR,LTL-SM F SD",,,,,
487,424245073534001,A 340,42.71257768,-73.89401249,297.0,NAVD88,,30.00,112LAKE,SILT,"GR,LTL F SD,TR C",,,,,
488,424245073534001,A 340,42.71257768,-73.89401249,297.0,NAVD88,,35.00,112SAND,SAND,"GR F-M,SM SI",,,,,
489,424245073534001,A 340,42.71257768,-73.89401249,297.0,NAVD88,,40.00,112LAKE,SILT,"GR,SM F SD,SM CL",,,,,
490,423906073460101,A 341,42.65174593,-73.76650977,201.0,NAVD88,72.0,70.00,364SKHL,SHLE,SNAKE HILL FORM,,,,,
491,424240073530501,A 342,42.71118887,-73.88429005,299.0,NAVD88,,.00,112SAND,SAND,"F BR,LTL SI",,,,,"WATER LEVEL REPORTED 11 FT, ASSUMED BELOW LSD, DATE UNKNOWN"
492,424240073530501,A 342,42.71118887,-73.88429005,299.0,NAVD88,,31.50,112LAKE,SDST,GR FINE,,,,,
493,424240073530501,A 342,42.71118887,-73.88429005,299.0,NAVD88,,36.50,112LAKE,SDST,"GRSI,F SD,LTL C",,,,,
494,424240073530501,A 342,42.71118887,-73.88429005,299.0,NAVD88,,40.00,112LAKE,SDST,"GRSI,F SD",,,,,
495,424240073530501,A 342,42.71118887,-73.88429005,299.0,NAVD88,,41.50,112LAKE,SILT,"GR,LTL F SD,TR C",,,,,
496,424240073530501,A 342,42.71118887,-73.88429005,299.0,NAVD88,,44.00,112LAKE,SDST,"GR SI,F SD",,,,,
497,424240073530501,A 342,42.71118887,-73.88429005,299.0,NAVD88,,45.00,112SAND,SAND,"GR-BR F-M,LTL SI",,,,,
498,424240073530501,A 342,42.71118887,-73.88429005,299.0,NAVD88,,46.50,112LAKE,STCL,"GR,W SAND SEAMS",,,,,
499,423854073500601,A 343,42.64841214,-73.83456732,199.0,NAVD88,300.0,0,364SKHL,CLAY,,6.0,,,,
